{
  "code": 200,
  "data": [
    {
      "icon": "message-box",
      "title": "网站管理",
      "path": "/site",
      "children": [
        {
          "path": "/site/basic",
          "title": "网站配置",
          "icon": "setting"
        },
        {
          "path": "/site/surprise",
          "title": "广告管理",
          "icon": "link"
        },
        {
          "path": "/site/friendship_link",
          "title": "友链管理",
          "icon": "link"
        }
      ]
    },
    {
      "icon": "goods",
      "title": "导航管理",
      "path": "/nav/index",
      "children": [
        {
          "path": "/nav/site",
          "title": "网址管理",
          "icon": "setting"
        },
        {
          "path": "/nav/category",
          "title": "分类管理",
          "icon": "goods"
        }
      ]
    }
  ],
  "msg": "成功"
}